Seção,Capítulo,Título do capítulo,Autores do capítulo (nomes completos),Autores na forma Vancouver,Página inicial,Página final,Referência Vancouver
1,1,Embriologia da Coluna Vertebral,Erasmo de Abreu Zardo; Joel Abramczuk; Fernando Augusto Dannenbrock,"Zardo EA, Abramczuk J, Dannenbrock FA",3,10,"Zardo EA, Abramczuk J, Dannenbrock FA. Embriologia da coluna vertebral. In: Pudles E, Defino H, Risso M, editores. Tratado de cirurgia da coluna vertebral. 1. ed. Rio de Janeiro: Dilivros Editora; 2026. p. 3-10."
1,2,Biomecânica da Coluna Vertebral,Marcos Antônio Tebet,Tebet MA,11,16,"Tebet MA. Biomecânica da coluna vertebral. In: Pudles E, Defino H, Risso M, editores. Tratado de cirurgia da coluna vertebral. 1. ed. Rio de Janeiro: Dilivros Editora; 2026. p. 11-16."
1,3,Neuroanatomia Funcional da Medula Espinhal,Aluízio Augusto Arantes Junior; Bernardo Drummond Braga; Adriano M. Lino Filho; Diogo Nogueira Ribeiro,"Arantes Junior AA, Braga BD, Lino Filho AM, Ribeiro DN",17,28,"Arantes Junior AA, Braga BD, Lino Filho AM, Ribeiro DN. Neuroanatomia funcional da medula espinhal. In: Pudles E, Defino H, Risso M, editores. Tratado de cirurgia da coluna vertebral. 1. ed. Rio de Janeiro: Dilivros Editora; 2026. p. 17-28."
1,4,Anatomia Cirúrgica e Vias de Acesso da Coluna Cervical,Sara Reis de Paula; Mauro dos Santos Volpi; Bruno da Costa Ancheschi; Guilherme Pagioro Miranda,"Paula SR, Volpi MS, Ancheschi BC, Miranda GP",29,36,"Paula SR, Volpi MS, Ancheschi BC, Miranda GP. Anatomia cirúrgica e vias de acesso da coluna cervical. In: Pudles E, Defino H, Risso M, editores. Tratado de cirurgia da coluna vertebral. 1. ed. Rio de Janeiro: Dilivros Editora; 2026. p. 29-36."
1,5,Anatomia Cirúrgica e Vias de Acesso da Coluna Torácica,Thiago Coutinho; Morgana Vieira,"Coutinho T, Vieira M",37,48,"Coutinho T, Vieira M. Anatomia cirúrgica e vias de acesso da coluna torácica. In: Pudles E, Defino H, Risso M, editores. Tratado de cirurgia da coluna vertebral. 1. ed. Rio de Janeiro: Dilivros Editora; 2026. p. 37-48."
1,6,Anatomia Cirúrgica e Abordagens da Junção Toracolombar,Paulo Tadeu Maia Cavali; Aécio Rubens Dias Pereira Filho; Renato de Oliveira,"Cavali PTM, Pereira Filho ARD, Oliveira R",49,70,"Cavali PTM, Pereira Filho ARD, Oliveira R. Anatomia cirúrgica e abordagens da junção toracolombar. In: Pudles E, Defino H, Risso M, editores. Tratado de cirurgia da coluna vertebral. 1. ed. Rio de Janeiro: Dilivros Editora; 2026. p. 49-70."
1,7,Anatomia Cirúrgica e Vias de Acesso da Coluna Lombar e Lombossacra,Cristiano Magalhães Menezes; Jefferson Soares Leal,"Menezes CM, Leal JS",71,94,"Menezes CM, Leal JS. Anatomia cirúrgica e vias de acesso da coluna lombar e lombossacra. In: Pudles E, Defino H, Risso M, editores. Tratado de cirurgia da coluna vertebral. 1. ed. Rio de Janeiro: Dilivros Editora; 2026. p. 71-94."
1,8,Coluna Vertebral no Plano Sagital,Marcelo Italo Risso Neto; Paulo Tadeu Maia Cavali,"Risso Neto MI, Cavali PTM",95,112,"Risso Neto MI, Cavali PTM. Coluna vertebral no plano sagital. In: Pudles E, Defino H, Risso M, editores. Tratado de cirurgia da coluna vertebral. 1. ed. Rio de Janeiro: Dilivros Editora; 2026. p. 95-112."
1,9,"Princípios da Artrodese, Biologia do Enxerto e Substitutos Ósseos na Coluna",Raphael Martus Marcon; Matheus Augusto Maciel Santiago; Henrique Griese Luciano dos Santos,"Marcon RM, Santiago MAM, Santos HGL",113,118,"Marcon RM, Santiago MAM, Santos HGL. Princípios da artrodese, biologia do enxerto e substitutos ósseos na coluna. In: Pudles E, Defino H, Risso M, editores. Tratado de cirurgia da coluna vertebral. 1. ed. Rio de Janeiro: Dilivros Editora; 2026. p. 113-118."
1,10,Biomecânica dos Implantes nas Fixações Vertebrais,Delio Eulálio Martins; Marcos Gregory Cintra Parreira,"Martins DE, Parreira MGC",119,134,"Martins DE, Parreira MGC. Biomecânica dos implantes nas fixações vertebrais. In: Pudles E, Defino H, Risso M, editores. Tratado de cirurgia da coluna vertebral. 1. ed. Rio de Janeiro: Dilivros Editora; 2026. p. 119-134."
1,11,Disrafismo Espinhal – Defeitos do Tubo Neural,Márcio Vinhal de Carvalho,Carvalho MV,135,146,"Carvalho MV. Disrafismo espinhal – defeitos do tubo neural. In: Pudles E, Defino H, Risso M, editores. Tratado de cirurgia da coluna vertebral. 1. ed. Rio de Janeiro: Dilivros Editora; 2026. p. 135-146."
2,12,Anamnese e Exame Físico da Coluna Vertebral,Helton Luiz Aparecido Defino; Matheus Pippa Defino; Rian Souza Vieira,"Defino HLA, Defino MP, Vieira RS",147,170,"Defino HLA, Defino MP, Vieira RS. Anamnese e exame físico da coluna vertebral. In: Pudles E, Defino H, Risso M, editores. Tratado de cirurgia da coluna vertebral. 1. ed. Rio de Janeiro: Dilivros Editora; 2026. p. 147-170."
2,13,Neurofisiologia no Diagnóstico das Patologias da Coluna,Ricardo José Rodriguez Ferreira; Patrícia Toscano Barreto Nogueira; Roberto Waldesmand Farias Pontes,"Ferreira RJR, Nogueira PTB, Pontes RWF",171,184,"Ferreira RJR, Nogueira PTB, Pontes RWF. Neurofisiologia no diagnóstico das patologias da coluna. In: Pudles E, Defino H, Risso M, editores. Tratado de cirurgia da coluna vertebral. 1. ed. Rio de Janeiro: Dilivros Editora; 2026. p. 171-184."
2,14,Monitorização Neurofisiológica Intraoperatória em Cirurgia de Coluna,Ricardo José Rodriguez Ferreira; Patrícia Toscano Barreto Nogueira; Roberto Waldesmand Farias Pontes,"Ferreira RJR, Nogueira PTB, Pontes RWF",185,200,"Ferreira RJR, Nogueira PTB, Pontes RWF. Monitorização neurofisiológica intraoperatória em cirurgia de coluna. In: Pudles E, Defino H, Risso M, editores. Tratado de cirurgia da coluna vertebral. 1. ed. Rio de Janeiro: Dilivros Editora; 2026. p. 185-200."
2,15,Diagnóstico por Imagem da Coluna Vertebral,Marcello Henrique Nogueira-Barbosa; Guilherme Naves de Lima Alves,"Nogueira-Barbosa MH, Alves GNL",201,214,"Nogueira-Barbosa MH, Alves GNL. Diagnóstico por imagem da coluna vertebral. In: Pudles E, Defino H, Risso M, editores. Tratado de cirurgia da coluna vertebral. 1. ed. Rio de Janeiro: Dilivros Editora; 2026. p. 201-214."
2,16,Diagnóstico Diferencial: Doenças da Coluna e Condições Ortopédicas,Maria Fernanda Silber Caffaro; Rafael Moraes Trincado; Jorge Rafael Durigan,"Caffaro MFS, Trincado RM, Durigan JR",215,228,"Caffaro MFS, Trincado RM, Durigan JR. Diagnóstico diferencial: doenças da coluna e condições ortopédicas. In: Pudles E, Defino H, Risso M, editores. Tratado de cirurgia da coluna vertebral. 1. ed. Rio de Janeiro: Dilivros Editora; 2026. p. 215-228."
2,17,Diagnóstico Diferencial: Doenças da Coluna e Doenças Neurológicas,Charles André Carazzo; Werner Petry Silva,"Carazzo CA, Silva WP",229,242,"Carazzo CA, Silva WP. Diagnóstico diferencial: doenças da coluna e doenças neurológicas. In: Pudles E, Defino H, Risso M, editores. Tratado de cirurgia da coluna vertebral. 1. ed. Rio de Janeiro: Dilivros Editora; 2026. p. 229-242."
3,18,Avaliação da Coluna do Paciente Politraumatizado,Charbel Jacob Junior; Igor de Barcellos Zanon,"Jacob Junior C, Zanon IB",243,250,"Jacob Junior C, Zanon IB. Avaliação da coluna do paciente politraumatizado. In: Pudles E, Defino H, Risso M, editores. Tratado de cirurgia da coluna vertebral. 1. ed. Rio de Janeiro: Dilivros Editora; 2026. p. 243-250."
3,19,Trauma Raquimedular,Emiliano Neves Vialle; Mauricio Zanon,"Vialle EN, Zanon M",251,258,"Vialle EN, Zanon M. Trauma raquimedular. In: Pudles E, Defino H, Risso M, editores. Tratado de cirurgia da coluna vertebral. 1. ed. Rio de Janeiro: Dilivros Editora; 2026. p. 251-258."
3,20,Lesões Traumáticas da Coluna Cervical Alta,André Rafael Hübner; Igor Ebert Cechin; Alvaro Diego Heredia Suarez,"Hübner AR, Cechin IE, Suarez ADH",259,298,"Hübner AR, Cechin IE, Suarez ADH. Lesões traumáticas da coluna cervical alta. In: Pudles E, Defino H, Risso M, editores. Tratado de cirurgia da coluna vertebral. 1. ed. Rio de Janeiro: Dilivros Editora; 2026. p. 259-298."
3,21,Lesões Traumáticas da Coluna Cervical Subaxial,Edson Pudles; Luiz Gustavo Dal’Oglio da Rocha,"Pudles E, Rocha LGD",299,318,"Pudles E, Rocha LGD. Lesões traumáticas da coluna cervical subaxial. In: Pudles E, Defino H, Risso M, editores. Tratado de cirurgia da coluna vertebral. 1. ed. Rio de Janeiro: Dilivros Editora; 2026. p. 299-318."
3,22,Lesões Traumáticas da Coluna Torácica e Lombar,Alexandre Philippe Boss Jaccard; Carlos Andres Amelunge Rodriguez; Matheus Boss Vieira,"Jaccard APB, Rodriguez CAA, Vieira MB",319,330,"Jaccard APB, Rodriguez CAA, Vieira MB. Lesões traumáticas da coluna torácica e lombar. In: Pudles E, Defino H, Risso M, editores. Tratado de cirurgia da coluna vertebral. 1. ed. Rio de Janeiro: Dilivros Editora; 2026. p. 319-330."
3,23,Lesões Traumáticas do Sacro,Luiz Gustavo Dal’Oglio da Rocha; Otávio Vitório Alvarenga Pereira,"Rocha LGD, Pereira OVA",331,346,"Rocha LGD, Pereira OVA. Lesões traumáticas do sacro. In: Pudles E, Defino H, Risso M, editores. Tratado de cirurgia da coluna vertebral. 1. ed. Rio de Janeiro: Dilivros Editora; 2026. p. 331-346."
3,24,Lesões Traumáticas da Coluna na Infância,Alexandre Fogaça Cristante; Matheus Trindade Bruxelas de Freitas; Caio César Nogueira de Figueiredo,"Cristante AF, Freitas MTB, Figueiredo CCN",347,352,"Cristante AF, Freitas MTB, Figueiredo CCN. Lesões traumáticas da coluna na infância. In: Pudles E, Defino H, Risso M, editores. Tratado de cirurgia da coluna vertebral. 1. ed. Rio de Janeiro: Dilivros Editora; 2026. p. 347-352."
3,25,Fraturas Vertebrais por Insuficiência,Xavier Soler Graells; Álynson Larocca Kulcheski; André Luís Sebben,"Graells XS, Kulcheski AL, Sebben AL",353,362,"Graells XS, Kulcheski AL, Sebben AL. Fraturas vertebrais por insuficiência. In: Pudles E, Defino H, Risso M, editores. Tratado de cirurgia da coluna vertebral. 1. ed. Rio de Janeiro: Dilivros Editora; 2026. p. 353-362."
3,26,Deformidades Pós-Traumáticas,Carlos Eduardo Gonçales Barsotti; Anderson Clayton Cardeal,"Barsotti CEG, Cardeal AC",363,374,"Barsotti CEG, Cardeal AC. Deformidades pós-traumáticas. In: Pudles E, Defino H, Risso M, editores. Tratado de cirurgia da coluna vertebral. 1. ed. Rio de Janeiro: Dilivros Editora; 2026. p. 363-374."
4,27,Introdução às Deformidades da Coluna Vertebral,Edson Pudles; Helton Luiz Aparecido Defino,"Pudles E, Defino HLA",375,398,"Pudles E, Defino HLA. Introdução às deformidades da coluna vertebral. In: Pudles E, Defino H, Risso M, editores. Tratado de cirurgia da coluna vertebral. 1. ed. Rio de Janeiro: Dilivros Editora; 2026. p. 375-398."
4,28,Escoliose de Início Precoce,Alexandre Fogaça Cristante; Santiago Alexis Naranjo Tipan; Caio César Nogueira de Figueiredo,"Cristante AF, Tipan SAN, Figueiredo CCN",399,404,"Cristante AF, Tipan SAN, Figueiredo CCN. Escoliose de início precoce. In: Pudles E, Defino H, Risso M, editores. Tratado de cirurgia da coluna vertebral. 1. ed. Rio de Janeiro: Dilivros Editora; 2026. p. 399-404."
4,29,Tratamento Não Cirúrgico das Escolioses,Túlio Albuquerque de Moura Rangel; André Flávio Freire Pereira; Marcelo Paulo Melo de Souza,"Rangel TAM, Pereira AFF, Souza MPM",405,410,"Rangel TAM, Pereira AFF, Souza MPM. Tratamento não cirúrgico das escolioses. In: Pudles E, Defino H, Risso M, editores. Tratado de cirurgia da coluna vertebral. 1. ed. Rio de Janeiro: Dilivros Editora; 2026. p. 405-410."
4,30,Escoliose Neuromuscular,Carlos Abreu de Aguiar; Luca Erdmann Bini Cordeiro,"Aguiar CA, Cordeiro LEB",411,422,"Aguiar CA, Cordeiro LEB. Escoliose neuromuscular. In: Pudles E, Defino H, Risso M, editores. Tratado de cirurgia da coluna vertebral. 1. ed. Rio de Janeiro: Dilivros Editora; 2026. p. 411-422."
4,31,Deformidades nos Disrafismos Espinhais,Paulo Tadeu Maia Cavali; Mauricio Coelho Lima; Alexander Junqueira Rossato,"Cavali PTM, Lima MC, Rossato AJ",423,444,"Cavali PTM, Lima MC, Rossato AJ. Deformidades nos disrafismos espinhais. In: Pudles E, Defino H, Risso M, editores. Tratado de cirurgia da coluna vertebral. 1. ed. Rio de Janeiro: Dilivros Editora; 2026. p. 423-444."
4,32,Escoliose na Neurofibromatose,Luís Eduardo Munhoz Da Rocha,Rocha LEM,445,452,"Rocha LEM. Escoliose na neurofibromatose. In: Pudles E, Defino H, Risso M, editores. Tratado de cirurgia da coluna vertebral. 1. ed. Rio de Janeiro: Dilivros Editora; 2026. p. 445-452."
4,33,Deformidades Congênitas da Coluna Vertebral,Luiz Müller Avila; Carlos Abreu de Aguiar,"Avila LM, Aguiar CA",453,460,"Avila LM, Aguiar CA. Deformidades congênitas da coluna vertebral. In: Pudles E, Defino H, Risso M, editores. Tratado de cirurgia da coluna vertebral. 1. ed. Rio de Janeiro: Dilivros Editora; 2026. p. 453-460."
4,34,Escoliose Idiopática,Helton Luiz Aparecido Defino; Matheus Pippa Defino; Rian Souza Vieira,"Defino HLA, Defino MP, Vieira RS",461,480,"Defino HLA, Defino MP, Vieira RS. Escoliose idiopática. In: Pudles E, Defino H, Risso M, editores. Tratado de cirurgia da coluna vertebral. 1. ed. Rio de Janeiro: Dilivros Editora; 2026. p. 461-480."
4,35,Escoliose do Adulto,Alexandre Fogaça Cristante; Vinícius Antônio Santos Aragão; Daniel Duarte Perini,"Cristante AF, Aragão VAS, Perini DD",481,486,"Cristante AF, Aragão VAS, Perini DD. Escoliose do adulto. In: Pudles E, Defino H, Risso M, editores. Tratado de cirurgia da coluna vertebral. 1. ed. Rio de Janeiro: Dilivros Editora; 2026. p. 481-486."
4,36,Escoliose nas Síndromes Genéticas,Olavo Biraghi Letaif; Vinícius Antônio Santos Aragão; Débora Yumi Yoshimura Orlandin Alves,"Letaif OB, Aragão VAS, Alves DYYO",487,492,"Letaif OB, Aragão VAS, Alves DYYO. Escoliose nas síndromes genéticas. In: Pudles E, Defino H, Risso M, editores. Tratado de cirurgia da coluna vertebral. 1. ed. Rio de Janeiro: Dilivros Editora; 2026. p. 487-492."
4,37,Escoliose Idiopática de Alto Valor Angular,Alderico Girão Campos de Barros; Luis Eduardo Carelli; Giancarlo Jorio Almeida,"Barros AGC, Carelli LE, Almeida GJ",493,502,"Barros AGC, Carelli LE, Almeida GJ. Escoliose idiopática de alto valor angular. In: Pudles E, Defino H, Risso M, editores. Tratado de cirurgia da coluna vertebral. 1. ed. Rio de Janeiro: Dilivros Editora; 2026. p. 493-502."
4,38,Espondilolistese na Criança,André Luis Fernandes Andujar; Rodrigo dos Santos Grandini; Henrique Dagostin de Arjona,"Andujar ALF, Grandini RS, Arjona HD",503,518,"Andujar ALF, Grandini RS, Arjona HD. Espondilolistese na criança. In: Pudles E, Defino H, Risso M, editores. Tratado de cirurgia da coluna vertebral. 1. ed. Rio de Janeiro: Dilivros Editora; 2026. p. 503-518."
4,39,Espondilolistese no Adulto,Rodrigo Amaral; Jullyene Pokorny; Gabriel Pokorny; Fernando Toni Marcelino da Silva; Rafael Moriguchi; Igor Barreira Magro; Luiz Pimenta,"Amaral R, Pokorny J, Pokorny G, Silva FTM, Moriguchi R, Magro IB, Pimenta L",519,530,"Amaral R, Pokorny J, Pokorny G, Silva FTM, Moriguchi R, Magro IB, Pimenta L. Espondilolistese no adulto. In: Pudles E, Defino H, Risso M, editores. Tratado de cirurgia da coluna vertebral. 1. ed. Rio de Janeiro: Dilivros Editora; 2026. p. 519-530."
4,40,Cifose,Helton Luiz Aparecido Defino; Matheus Pippa Defino; Rian Souza Vieira,"Defino HLA, Defino MP, Vieira RS",531,550,"Defino HLA, Defino MP, Vieira RS. Cifose. In: Pudles E, Defino H, Risso M, editores. Tratado de cirurgia da coluna vertebral. 1. ed. Rio de Janeiro: Dilivros Editora; 2026. p. 531-550."
4,41,Deformidades da Coluna Cervical,Luis Eduardo Carelli; Alderico Girão Campos de Barros; Lucas Gomes Pupp,"Carelli LE, Barros AGC, Pupp LG",551,568,"Carelli LE, Barros AGC, Pupp LG. Deformidades da coluna cervical. In: Pudles E, Defino H, Risso M, editores. Tratado de cirurgia da coluna vertebral. 1. ed. Rio de Janeiro: Dilivros Editora; 2026. p. 551-568."
5,42,Fisiopatologia da Degeneração Discal,Orlando Righesso Neto; Asdrubal Falavigna; Vincenzo Fin Falavigna; Maria Eduarda Lima Viapiana; Enzo Pasetto Righesso,"Righesso Neto O, Falavigna A, Falavigna VF, Viapiana MEL, Righesso EP",569,578,"Righesso Neto O, Falavigna A, Falavigna VF, Viapiana MEL, Righesso EP. Fisiopatologia da degeneração discal. In: Pudles E, Defino H, Risso M, editores. Tratado de cirurgia da coluna vertebral. 1. ed. Rio de Janeiro: Dilivros Editora; 2026. p. 569-578."
5,43,Hérnia de Disco Cervical,Aluízio Augusto Arantes Junior; Bernardo Drummond Braga; Diogo Nogueira Ribeiro; Adriano M. Lino Filho,"Arantes Junior AA, Braga BD, Ribeiro DN, Lino Filho AM",579,592,"Arantes Junior AA, Braga BD, Ribeiro DN, Lino Filho AM. Hérnia de disco cervical. In: Pudles E, Defino H, Risso M, editores. Tratado de cirurgia da coluna vertebral. 1. ed. Rio de Janeiro: Dilivros Editora; 2026. p. 579-592."
5,44,Hérnia de Disco Torácica,Murilo Tavares Daher; Luna Jeannie Alves Mangueira; Fernando Balsimelli,"Daher MT, Mangueira LJA, Balsimelli F",593,604,"Daher MT, Mangueira LJA, Balsimelli F. Hérnia de disco torácica. In: Pudles E, Defino H, Risso M, editores. Tratado de cirurgia da coluna vertebral. 1. ed. Rio de Janeiro: Dilivros Editora; 2026. p. 593-604."
5,45,Hérnia de Disco Lombar,Renato Hiroshi Salvioni Ueta; Tiago Ferreira Jorge; Victor Cavalcante Schussel; Gabriela Neves Vaz,"Ueta RHS, Jorge TF, Schussel VC, Vaz GN",605,612,"Ueta RHS, Jorge TF, Schussel VC, Vaz GN. Hérnia de disco lombar. In: Pudles E, Defino H, Risso M, editores. Tratado de cirurgia da coluna vertebral. 1. ed. Rio de Janeiro: Dilivros Editora; 2026. p. 605-612."
5,46,Estenose Lombar: Diagnóstico e Manejo Contemporâneo,Robert Meves; Rodrigo Góes Medéa de Mendonça,"Meves R, Mendonça RGM",613,624,"Meves R, Mendonça RGM. Estenose lombar: diagnóstico e manejo contemporâneo. In: Pudles E, Defino H, Risso M, editores. Tratado de cirurgia da coluna vertebral. 1. ed. Rio de Janeiro: Dilivros Editora; 2026. p. 613-624."
5,47,Instabilidade Vertebral,Edson Pudles,Pudles E,625,632,"Pudles E. Instabilidade vertebral. In: Pudles E, Defino H, Risso M, editores. Tratado de cirurgia da coluna vertebral. 1. ed. Rio de Janeiro: Dilivros Editora; 2026. p. 625-632."
5,48,"Estenose Cervical, Mielopatia Cervical Degenerativa e Ossificação do Ligamento Longitudinal Posterior",Fernando Luiz Rolemberg Dantas; François Dantas; Victor Kelles Tupy da Fonseca,"Dantas FLR, Dantas F, Fonseca VKT",633,654,"Dantas FLR, Dantas F, Fonseca VKT. Estenose cervical, mielopatia cervical degenerativa e ossificação do ligamento longitudinal posterior. In: Pudles E, Defino H, Risso M, editores. Tratado de cirurgia da coluna vertebral. 1. ed. Rio de Janeiro: Dilivros Editora; 2026. p. 633-654."
5,49,Infiltrações e Radiofrequência na Coluna Vertebral,Sylvio Mistro Neto; Marcelo Italo Risso Neto,"Mistro Neto S, Risso Neto MI",655,662,"Mistro Neto S, Risso Neto MI. Infiltrações e radiofrequência na coluna vertebral. In: Pudles E, Defino H, Risso M, editores. Tratado de cirurgia da coluna vertebral. 1. ed. Rio de Janeiro: Dilivros Editora; 2026. p. 655-662."
5,50,Medicina Regenerativa no Manejo da Doença Degenerativa da Coluna,Edilson Silva Machado; Robert Meves,"Machado ES, Meves R",663,672,"Machado ES, Meves R. Medicina regenerativa no manejo da doença degenerativa da coluna. In: Pudles E, Defino H, Risso M, editores. Tratado de cirurgia da coluna vertebral. 1. ed. Rio de Janeiro: Dilivros Editora; 2026. p. 663-672."
6,51,Princípios no Manejo das Neoplasias da Coluna Vertebral,Marcelo Italo Risso Neto; Guilherme Rebechi Zuiani,"Risso Neto MI, Zuiani GR",673,694,"Risso Neto MI, Zuiani GR. Princípios no manejo das neoplasias da coluna vertebral. In: Pudles E, Defino H, Risso M, editores. Tratado de cirurgia da coluna vertebral. 1. ed. Rio de Janeiro: Dilivros Editora; 2026. p. 673-694."
6,52,Instabilidade Vertebral em Neoplasia de Coluna,Luiz Roberto Gomes Vialle; Otávio Vitório Alvarenga Pereira,"Vialle LRG, Pereira OVA",695,700,"Vialle LRG, Pereira OVA. Instabilidade vertebral em neoplasia de coluna. In: Pudles E, Defino H, Risso M, editores. Tratado de cirurgia da coluna vertebral. 1. ed. Rio de Janeiro: Dilivros Editora; 2026. p. 695-700."
6,53,Tumores Benignos e Lesões Pseudotumorais da Coluna,Alderico Girão Campos de Barros; Luis Eduardo Carelli; Gabriel Farias Alves,"Barros AGC, Carelli LE, Alves GF",701,712,"Barros AGC, Carelli LE, Alves GF. Tumores benignos e lesões pseudotumorais da coluna. In: Pudles E, Defino H, Risso M, editores. Tratado de cirurgia da coluna vertebral. 1. ed. Rio de Janeiro: Dilivros Editora; 2026. p. 701-712."
6,54,Tumores Ósseos Primários Malignos,Brian Guilherme Monteiro Marta Coimbra; William Gemio Jacobsen Teixeira; Daniel Duarte Perini,"Coimbra BGMM, Teixeira WGJ, Perini DD",713,720,"Coimbra BGMM, Teixeira WGJ, Perini DD. Tumores ósseos primários malignos. In: Pudles E, Defino H, Risso M, editores. Tratado de cirurgia da coluna vertebral. 1. ed. Rio de Janeiro: Dilivros Editora; 2026. p. 713-720."
6,55,Tumores Metastáticos na Coluna,Marcelo Italo Risso Neto; André Frazao Rosa,"Risso Neto MI, Rosa AF",721,742,"Risso Neto MI, Rosa AF. Tumores metastáticos na coluna. In: Pudles E, Defino H, Risso M, editores. Tratado de cirurgia da coluna vertebral. 1. ed. Rio de Janeiro: Dilivros Editora; 2026. p. 721-742."
6,56,"Tumores Intramedulares e Extramedulares: Classificação, Diagnóstico e Manejo",Leon Cleres Penido Pinheiro; Osmar José Santos de Moraes,"Pinheiro LCP, Moraes OJS",743,752,"Pinheiro LCP, Moraes OJS. Tumores intramedulares e extramedulares: classificação, diagnóstico e manejo. In: Pudles E, Defino H, Risso M, editores. Tratado de cirurgia da coluna vertebral. 1. ed. Rio de Janeiro: Dilivros Editora; 2026. p. 743-752."
6,57,Radioterapia nos Tumores de Coluna,Rodrigo de Morais Hanriot; Naira dos Santos Gutierrez,"Hanriot RM, Gutierrez NS",753,766,"Hanriot RM, Gutierrez NS. Radioterapia nos tumores de coluna. In: Pudles E, Defino H, Risso M, editores. Tratado de cirurgia da coluna vertebral. 1. ed. Rio de Janeiro: Dilivros Editora; 2026. p. 753-766."
7,58,Infecção Primária da Coluna Vertebral,Edson Pudles,Pudles E,767,776,"Pudles E. Infecção primária da coluna vertebral. In: Pudles E, Defino H, Risso M, editores. Tratado de cirurgia da coluna vertebral. 1. ed. Rio de Janeiro: Dilivros Editora; 2026. p. 767-776."
7,59,Doenças Reumáticas da Coluna Vertebral,Carlos Eduardo Garcez Teixeira; Michel Alexandre Yazbek; Zoraida Sachetto,"Teixeira CEG, Yazbek MA, Sachetto Z",777,782,"Teixeira CEG, Yazbek MA, Sachetto Z. Doenças reumáticas da coluna vertebral. In: Pudles E, Defino H, Risso M, editores. Tratado de cirurgia da coluna vertebral. 1. ed. Rio de Janeiro: Dilivros Editora; 2026. p. 777-782."
7,60,Doenças Metabólicas que Afetam a Coluna,Mayra Macena Gomes; Francisco José Albuquerque de Paula,"Gomes MM, Paula FJA",783,792,"Gomes MM, Paula FJA. Doenças metabólicas que afetam a coluna. In: Pudles E, Defino H, Risso M, editores. Tratado de cirurgia da coluna vertebral. 1. ed. Rio de Janeiro: Dilivros Editora; 2026. p. 783-792."
7,61,Tratamento Cirúrgico das Doenças Reumáticas da Coluna,Raphael Martus Marcon; Matheus Augusto Maciel Santiago; Henrique Griese Luciano dos Santos,"Marcon RM, Santiago MAM, Santos HGL",793,804,"Marcon RM, Santiago MAM, Santos HGL. Tratamento cirúrgico das doenças reumáticas da coluna. In: Pudles E, Defino H, Risso M, editores. Tratado de cirurgia da coluna vertebral. 1. ed. Rio de Janeiro: Dilivros Editora; 2026. p. 793-804."
8,62,Endoscopia Transforaminal na Coluna Lombossacra,João Paulo Machado Bergamaschi; Marcelo Botelho Soares de Brito; Sonja Ellen Lobo,"Bergamaschi JPM, Brito MBS, Lobo SE",805,822,"Bergamaschi JPM, Brito MBS, Lobo SE. Endoscopia transforaminal na coluna lombossacra. In: Pudles E, Defino H, Risso M, editores. Tratado de cirurgia da coluna vertebral. 1. ed. Rio de Janeiro: Dilivros Editora; 2026. p. 805-822."
8,63,Endoscopia Interlaminar na Coluna Lombossacra,Marcio Oliveira Penna de Carvalho; Marco Aurelio Moscatelli; Rafael Barreto Silva,"Carvalho MOP, Moscatelli MA, Silva RB",823,838,"Carvalho MOP, Moscatelli MA, Silva RB. Endoscopia interlaminar na coluna lombossacra. In: Pudles E, Defino H, Risso M, editores. Tratado de cirurgia da coluna vertebral. 1. ed. Rio de Janeiro: Dilivros Editora; 2026. p. 823-838."
8,64,Cirurgia Endoscópica Uniportal no Segmento Torácico,Ivan Dias da Rocha; Edelvan Gabana,"Rocha ID, Gabana E",839,844,"Rocha ID, Gabana E. Cirurgia endoscópica uniportal no segmento torácico. In: Pudles E, Defino H, Risso M, editores. Tratado de cirurgia da coluna vertebral. 1. ed. Rio de Janeiro: Dilivros Editora; 2026. p. 839-844."
8,65,Endoscopia na Coluna Cervical pela Via Posterior,David Del Curto; Gabriela Neves Vaz; Victor Cavalcante Schussel; Tiago Ferreira Jorge,"Del Curto D, Vaz GN, Schussel VC, Jorge TF",845,852,"Del Curto D, Vaz GN, Schussel VC, Jorge TF. Endoscopia na coluna cervical pela via posterior. In: Pudles E, Defino H, Risso M, editores. Tratado de cirurgia da coluna vertebral. 1. ed. Rio de Janeiro: Dilivros Editora; 2026. p. 845-852."
8,66,Endoscopia na Coluna Cervical pela Via Anterior,Kelsen de Oliveira Teixeira; Rangel Roberto de Assis; Sonja Ellen Lobo; João Paulo Machado Bergamaschi,"Teixeira KO, Assis RR, Lobo SE, Bergamaschi JPM",853,862,"Teixeira KO, Assis RR, Lobo SE, Bergamaschi JPM. Endoscopia na coluna cervical pela via anterior. In: Pudles E, Defino H, Risso M, editores. Tratado de cirurgia da coluna vertebral. 1. ed. Rio de Janeiro: Dilivros Editora; 2026. p. 853-862."
8,67,Endoscopia Unilateral Biportal,Bernardo Drummond Braga; Walison José de Morais; Mateus Neves Faria Fernandes,"Braga BD, Morais WJ, Fernandes MNF",863,872,"Braga BD, Morais WJ, Fernandes MNF. Endoscopia unilateral biportal. In: Pudles E, Defino H, Risso M, editores. Tratado de cirurgia da coluna vertebral. 1. ed. Rio de Janeiro: Dilivros Editora; 2026. p. 863-872."
8,68,Artrodese Intersomática Lombar Posterior,Jean Marcel Dambrós; Alvaro Diego Heredia Suarez; Igor Ebert Cechin,"Dambrós JM, Suarez ADH, Cechin IE",873,880,"Dambrós JM, Suarez ADH, Cechin IE. Artrodese intersomática lombar posterior. In: Pudles E, Defino H, Risso M, editores. Tratado de cirurgia da coluna vertebral. 1. ed. Rio de Janeiro: Dilivros Editora; 2026. p. 873-880."
8,69,Artrodese Lombar em Single-Position Lateral,Cristiano Magalhães Menezes; Jefferson Soares Leal,"Menezes CM, Leal JS",881,890,"Menezes CM, Leal JS. Artrodese lombar em single-position lateral. In: Pudles E, Defino H, Risso M, editores. Tratado de cirurgia da coluna vertebral. 1. ed. Rio de Janeiro: Dilivros Editora; 2026. p. 881-890."
8,70,Artrodese Lombar Prone Transpsoas,Luiz Pimenta; Rodrigo Amaral; Jullyene Pokorny; Gabriel Pokorny,"Pimenta L, Amaral R, Pokorny J, Pokorny G",891,898,"Pimenta L, Amaral R, Pokorny J, Pokorny G. Artrodese lombar prone transpsoas. In: Pudles E, Defino H, Risso M, editores. Tratado de cirurgia da coluna vertebral. 1. ed. Rio de Janeiro: Dilivros Editora; 2026. p. 891-898."
8,71,Artrodese Lombar Oblíqua,José Augusto Malheiros; Marcos Antonio Ferreira Junior,"Malheiros JA, Ferreira Junior MA",899,908,"Malheiros JA, Ferreira Junior MA. Artrodese lombar oblíqua. In: Pudles E, Defino H, Risso M, editores. Tratado de cirurgia da coluna vertebral. 1. ed. Rio de Janeiro: Dilivros Editora; 2026. p. 899-908."
8,72,Artrodese Lombar Anterior,Alisson Roberto Teles; Antonio Gutemberg de S. Martins; Guilherme A. Ludwig,"Teles AR, Martins AGS, Ludwig GA",909,918,"Teles AR, Martins AGS, Ludwig GA. Artrodese lombar anterior. In: Pudles E, Defino H, Risso M, editores. Tratado de cirurgia da coluna vertebral. 1. ed. Rio de Janeiro: Dilivros Editora; 2026. p. 909-918."
8,73,Artroplastia da Coluna,Vinicius de Meldau Benites,Benites VM,919,926,"Benites VM. Artroplastia da coluna. In: Pudles E, Defino H, Risso M, editores. Tratado de cirurgia da coluna vertebral. 1. ed. Rio de Janeiro: Dilivros Editora; 2026. p. 919-926."
8,74,Técnicas Cirúrgicas para a Fixação da Coluna Cervical Alta,Geraldo de Sá Carneiro-Filho; Deoclides Lima Bezerra Júnior,"Carneiro-Filho GS, Bezerra Júnior DL",927,936,"Carneiro-Filho GS, Bezerra Júnior DL. Técnicas cirúrgicas para a fixação da coluna cervical alta. In: Pudles E, Defino H, Risso M, editores. Tratado de cirurgia da coluna vertebral. 1. ed. Rio de Janeiro: Dilivros Editora; 2026. p. 927-936."
8,75,Técnicas de Fixação Cervical Anterior,Jeronimo Buzetti Milano; Egon Ewaldo Lindorfer Neto,"Milano JB, Lindorfer Neto EE",937,946,"Milano JB, Lindorfer Neto EE. Técnicas de fixação cervical anterior. In: Pudles E, Defino H, Risso M, editores. Tratado de cirurgia da coluna vertebral. 1. ed. Rio de Janeiro: Dilivros Editora; 2026. p. 937-946."
8,76,Fixação Posterior da Coluna Cervical,Renato Henriques Tavares; Luis Antonio Medeiros Moliterno; Giancarlo Jorio Almeida,"Tavares RH, Moliterno LAM, Almeida GJ",947,954,"Tavares RH, Moliterno LAM, Almeida GJ. Fixação posterior da coluna cervical. In: Pudles E, Defino H, Risso M, editores. Tratado de cirurgia da coluna vertebral. 1. ed. Rio de Janeiro: Dilivros Editora; 2026. p. 947-954."
8,77,"Laminoplastia Cervical: Princípios, Técnicas e Evidências Atuais",Roger Schmidt Brock; Áquila Matos Soares,"Brock RS, Soares AM",955,966,"Brock RS, Soares AM. Laminoplastia cervical: princípios, técnicas e evidências atuais. In: Pudles E, Defino H, Risso M, editores. Tratado de cirurgia da coluna vertebral. 1. ed. Rio de Janeiro: Dilivros Editora; 2026. p. 955-966."
8,78,"Parafusos Pediculares na Coluna Torácica, Lombar e Lombossacra – Técnica Free-Hand",Paulo Tadeu Maia Cavali; Marcelo Italo Risso Neto,"Cavali PTM, Risso Neto MI",967,984,"Cavali PTM, Risso Neto MI. Parafusos pediculares na coluna torácica, lombar e lombossacra – técnica free-hand. In: Pudles E, Defino H, Risso M, editores. Tratado de cirurgia da coluna vertebral. 1. ed. Rio de Janeiro: Dilivros Editora; 2026. p. 967-984."
8,79,Fixação do Ilíaco – Técnica S2 Alar Ilíaco,Olavo Biraghi Letaif; Débora Yumi Yoshimura Orlandin Alves; Italo Gerardo Rotondo,"Letaif OB, Alves DYYO, Rotondo IG",985,990,"Letaif OB, Alves DYYO, Rotondo IG. Fixação do ilíaco – técnica S2 alar ilíaco. In: Pudles E, Defino H, Risso M, editores. Tratado de cirurgia da coluna vertebral. 1. ed. Rio de Janeiro: Dilivros Editora; 2026. p. 985-990."
8,80,Técnicas de Fixação na Coluna Osteoporótica,Fernando Antônio Mendes Façanha Filho; Arthur Sampaio Façanha; Paulo Henrique Carvalho Vasconcelos,"Façanha Filho FAM, Façanha AS, Vasconcelos PHC",991,1000,"Façanha Filho FAM, Façanha AS, Vasconcelos PHC. Técnicas de fixação na coluna osteoporótica. In: Pudles E, Defino H, Risso M, editores. Tratado de cirurgia da coluna vertebral. 1. ed. Rio de Janeiro: Dilivros Editora; 2026. p. 991-1000."
8,81,Ostetomias da Coluna Vertebral,Ricardo Acacio Dos Santos; Fernando Herrero,"Santos RA, Herrero F",1001,1010,"Santos RA, Herrero F. Ostetomias da coluna vertebral. In: Pudles E, Defino H, Risso M, editores. Tratado de cirurgia da coluna vertebral. 1. ed. Rio de Janeiro: Dilivros Editora; 2026. p. 1001-1010."
8,82,Aplicação do Halo e Tração Craniana,Mauricio Coelho Lima; Paulo Tadeu Maia Cavali; Alexander Junqueira Rossato; Marcelo Italo Risso Neto,"Lima MC, Cavali PTM, Rossato AJ, Risso Neto MI",1011,1022,"Lima MC, Cavali PTM, Rossato AJ, Risso Neto MI. Aplicação do halo e tração craniana. In: Pudles E, Defino H, Risso M, editores. Tratado de cirurgia da coluna vertebral. 1. ed. Rio de Janeiro: Dilivros Editora; 2026. p. 1011-1022."
8,83,Colete Gessado para Escoliose de Início Precoce,André Luis Fernandes Andujar; Rodrigo dos Santos Grandini; Cheila Mara Freu,"Andujar ALF, Grandini RS, Freu CM",1023,1032,"Andujar ALF, Grandini RS, Freu CM. Colete gessado para escoliose de início precoce. In: Pudles E, Defino H, Risso M, editores. Tratado de cirurgia da coluna vertebral. 1. ed. Rio de Janeiro: Dilivros Editora; 2026. p. 1023-1032."
8,84,Infiltrações e Bloqueios da Coluna,Alberto Ofenhejm Gotfryd; João Tomás Fernandes Castilho Garcia,"Gotfryd AO, Garcia JTFC",1033,1042,"Gotfryd AO, Garcia JTFC. Infiltrações e bloqueios da coluna. In: Pudles E, Defino H, Risso M, editores. Tratado de cirurgia da coluna vertebral. 1. ed. Rio de Janeiro: Dilivros Editora; 2026. p. 1033-1042."
8,85,Sistemas de Crescimento Guiado para Deformidades da Coluna: Hastes de Crescimento Tradicionais,Bruno Pinto Coelho Fontes; João Vitor Liboni Guimarães Rios,"Fontes BPC, Rios JVLG",1043,1048,"Fontes BPC, Rios JVLG. Sistemas de crescimento guiado para deformidades da coluna: hastes de crescimento tradicionais. In: Pudles E, Defino H, Risso M, editores. Tratado de cirurgia da coluna vertebral. 1. ed. Rio de Janeiro: Dilivros Editora; 2026. p. 1043-1048."
8,86,Técnica de Fixação Bipolar da Coluna Vertebral,Alexander Junqueira Rossato; Mauricio Coelho Lima; Paulo Tadeu Maia Cavali,"Rossato AJ, Lima MC, Cavali PTM",1049,1060,"Rossato AJ, Lima MC, Cavali PTM. Técnica de fixação bipolar da coluna vertebral. In: Pudles E, Defino H, Risso M, editores. Tratado de cirurgia da coluna vertebral. 1. ed. Rio de Janeiro: Dilivros Editora; 2026. p. 1049-1060."
8,87,Técnicas de Correção Cirúrgica das Deformidades da Coluna Vertebral,Denis Seguchi Sakai,Sakai DS,1061,1064,"Sakai DS. Técnicas de correção cirúrgica das deformidades da coluna vertebral. In: Pudles E, Defino H, Risso M, editores. Tratado de cirurgia da coluna vertebral. 1. ed. Rio de Janeiro: Dilivros Editora; 2026. p. 1061-1064."
8,88,Vertebrectomia Torácica e Lombar nas Neoplasias,Ricardo de Souza Portes Meirelles; Christiano Esteves Simões; Gustavo Borges Laurindo de Azevedo; Paulo José Silva Ramos; Vinicius Tapie Guerra e Silva; Alessandro Gasbarrini; Otávio Vitório Alvarenga Pereira; Chiara Cini,"Meirelles RSP, Simões CE, Azevedo GBL, Ramos PJS, Silva VTG, Gasbarrini A, Pereira OVA, Cini C",1065,1078,"Meirelles RSP, Simões CE, Azevedo GBL, Ramos PJS, Silva VTG, Gasbarrini A, Pereira OVA, Cini C. Vertebrectomia torácica e lombar nas neoplasias. In: Pudles E, Defino H, Risso M, editores. Tratado de cirurgia da coluna vertebral. 1. ed. Rio de Janeiro: Dilivros Editora; 2026. p. 1065-1078."
8,89,Sacrectomia,Christiano Esteves Simões; Otávio Vitório Alvarenga Pereira,"Simões CE, Pereira OVA",1079,1088,"Simões CE, Pereira OVA. Sacrectomia. In: Pudles E, Defino H, Risso M, editores. Tratado de cirurgia da coluna vertebral. 1. ed. Rio de Janeiro: Dilivros Editora; 2026. p. 1079-1088."
8,90,Cirurgia Complexa dos Tumores Cervicais,Douglas Kenji Narazaki; Santiago Alexis Naranjo Tipan; Arthur Sampaio Façanha,"Narazaki DK, Tipan SAN, Façanha AS",1089,1104,"Narazaki DK, Tipan SAN, Façanha AS. Cirurgia complexa dos tumores cervicais. In: Pudles E, Defino H, Risso M, editores. Tratado de cirurgia da coluna vertebral. 1. ed. Rio de Janeiro: Dilivros Editora; 2026. p. 1089-1104."
8,91,Técnicas Minimamente Invasivas para Tratamento e Adjuvância nos Tumores da Coluna Vertebral,Marcelo Luis Mudo; Claudio E. Tatsui,"Mudo ML, Tatsui CE",1105,1126,"Mudo ML, Tatsui CE. Técnicas minimamente invasivas para tratamento e adjuvância nos tumores da coluna vertebral. In: Pudles E, Defino H, Risso M, editores. Tratado de cirurgia da coluna vertebral. 1. ed. Rio de Janeiro: Dilivros Editora; 2026. p. 1105-1126."
8,92,Navegação e Robótica,Helton Luiz Aparecido Defino; Vinicius Marques Carneiro; Matheus Pippa Defino,"Defino HLA, Carneiro VM, Defino MP",1127,1136,"Defino HLA, Carneiro VM, Defino MP. Navegação e robótica. In: Pudles E, Defino H, Risso M, editores. Tratado de cirurgia da coluna vertebral. 1. ed. Rio de Janeiro: Dilivros Editora; 2026. p. 1127-1136."
9,93,Infecções Pós-Operatórias,Mauro dos Santos Volpi; Bruno da Costa Ancheschi; Sara Reis de Paula,"Volpi MS, Ancheschi BC, Paula SR",1137,1144,"Volpi MS, Ancheschi BC, Paula SR. Infecções pós-operatórias. In: Pudles E, Defino H, Risso M, editores. Tratado de cirurgia da coluna vertebral. 1. ed. Rio de Janeiro: Dilivros Editora; 2026. p. 1137-1144."
9,94,"Lesão Dural, Aracnoidite e Fibrose Pós-Operatória",Wuilker Knoner Campos; Walterney Amancio Filho,"Campos WK, Amancio Filho W",1145,1150,"Campos WK, Amancio Filho W. Lesão dural, aracnoidite e fibrose pós-operatória. In: Pudles E, Defino H, Risso M, editores. Tratado de cirurgia da coluna vertebral. 1. ed. Rio de Janeiro: Dilivros Editora; 2026. p. 1145-1150."
9,95,Queda das Respostas na Monitoração Neurofisiológica Intraoperatória,Luciano Miller Reis Rodrigues; Guilherme Pianowski Pajanoti; Lucas Silveira Rabello de Oliveira,"Rodrigues LMR, Pajanoti GP, Oliveira LSR",1151,1156,"Rodrigues LMR, Pajanoti GP, Oliveira LSR. Queda das respostas na monitoração neurofisiológica intraoperatória. In: Pudles E, Defino H, Risso M, editores. Tratado de cirurgia da coluna vertebral. 1. ed. Rio de Janeiro: Dilivros Editora; 2026. p. 1151-1156."
9,96,Doença do Nível Adjacente,Igor Machado Cardoso; Charbel Jacob Junior,"Cardoso IM, Jacob Junior C",1157,1162,"Cardoso IM, Jacob Junior C. Doença do nível adjacente. In: Pudles E, Defino H, Risso M, editores. Tratado de cirurgia da coluna vertebral. 1. ed. Rio de Janeiro: Dilivros Editora; 2026. p. 1157-1162."
9,97,Pseudoartrose e Falha Mecânica da Instrumentação na Cirurgia da Coluna Vertebral,Nelson Astur Neto; Felipe Neves Simões Monteiro; Rafael Cardoso Prates,"Astur Neto N, Monteiro FNS, Prates RC",1163,1174,"Astur Neto N, Monteiro FNS, Prates RC. Pseudoartrose e falha mecânica da instrumentação na cirurgia da coluna vertebral. In: Pudles E, Defino H, Risso M, editores. Tratado de cirurgia da coluna vertebral. 1. ed. Rio de Janeiro: Dilivros Editora; 2026. p. 1163-1174."
9,98,Complicações da Abordagem Anterior da Coluna,Aécio Rubens Dias Pereira Filho,Pereira Filho ARD,1175,1188,"Pereira Filho ARD. Complicações da abordagem anterior da coluna. In: Pudles E, Defino H, Risso M, editores. Tratado de cirurgia da coluna vertebral. 1. ed. Rio de Janeiro: Dilivros Editora; 2026. p. 1175-1188."
9,99,Lesão Neurológica Perioperatória,Marcus André Costa Ferreira; Leonardo Yukio Jorge Asano; Alexandre Medeiros Sampaio Januario,"Ferreira MAC, Asano LYJ, Januario AMS",1189,1204,"Ferreira MAC, Asano LYJ, Januario AMS. Lesão neurológica perioperatória. In: Pudles E, Defino H, Risso M, editores. Tratado de cirurgia da coluna vertebral. 1. ed. Rio de Janeiro: Dilivros Editora; 2026. p. 1189-1204."
9,100,Síndrome da Falha da Cirurgia da Coluna Vertebral,Sergio Afonso Hennemann; Marcelo Abreu,"Hennemann SA, Abreu M",1205,1216,"Hennemann SA, Abreu M. Síndrome da falha da cirurgia da coluna vertebral. In: Pudles E, Defino H, Risso M, editores. Tratado de cirurgia da coluna vertebral. 1. ed. Rio de Janeiro: Dilivros Editora; 2026. p. 1205-1216."
10,101,"Junção Craniovertebral: Anormalidades Congênitas, Adquiridas e Trauma",Luis Eduardo Carelli; Alderico Girão Campos de Barros; Alessandro Maria Bianconi,"Carelli LE, Barros AGC, Bianconi AM",1217,1232,"Carelli LE, Barros AGC, Bianconi AM. Junção craniovertebral: anormalidades congênitas, adquiridas e trauma. In: Pudles E, Defino H, Risso M, editores. Tratado de cirurgia da coluna vertebral. 1. ed. Rio de Janeiro: Dilivros Editora; 2026. p. 1217-1232."
10,102,Manejo da Dor Aguda e Crônica na Coluna Vertebral,Roberta Cristina Risso; Karen Santos Braghiroli,"Risso RC, Braghiroli KS",1233,1248,"Risso RC, Braghiroli KS. Manejo da dor aguda e crônica na coluna vertebral. In: Pudles E, Defino H, Risso M, editores. Tratado de cirurgia da coluna vertebral. 1. ed. Rio de Janeiro: Dilivros Editora; 2026. p. 1233-1248."
10,103,Abordagens para o Tratamento da Dor Pós-Operatória em Cirurgia de Coluna,João Abrão; Sérgio Mariano Zuazo,"Abrão J, Zuazo SM",1249,1260,"Abrão J, Zuazo SM. Abordagens para o tratamento da dor pós-operatória em cirurgia de coluna. In: Pudles E, Defino H, Risso M, editores. Tratado de cirurgia da coluna vertebral. 1. ed. Rio de Janeiro: Dilivros Editora; 2026. p. 1249-1260."
10,104,Anestesia para Cirurgia da Coluna Vertebral,Mauricio Luiz Malito,Malito ML,1261,1272,"Malito ML. Anestesia para cirurgia da coluna vertebral. In: Pudles E, Defino H, Risso M, editores. Tratado de cirurgia da coluna vertebral. 1. ed. Rio de Janeiro: Dilivros Editora; 2026. p. 1261-1272."
10,105,Controle do Sangramento Intraoperatório,Erich Vinicius de Paula; Christopher Cralcev; Gustavo Alves Brito Isaias,"Paula EV, Cralcev C, Isaias GAB",1273,1282,"Paula EV, Cralcev C, Isaias GAB. Controle do sangramento intraoperatório. In: Pudles E, Defino H, Risso M, editores. Tratado de cirurgia da coluna vertebral. 1. ed. Rio de Janeiro: Dilivros Editora; 2026. p. 1273-1282."
10,106,Uso de Órteses na Coluna Vertebral,Sergio Zylbersztejn; Pedro Henrique Lacombe Antoneli; Daiane Gallina,"Zylbersztejn S, Antoneli PHL, Gallina D",1283,1292,"Zylbersztejn S, Antoneli PHL, Gallina D. Uso de órteses na coluna vertebral. In: Pudles E, Defino H, Risso M, editores. Tratado de cirurgia da coluna vertebral. 1. ed. Rio de Janeiro: Dilivros Editora; 2026. p. 1283-1292."
10,107,Segurança em Cirurgia de Coluna,Guilherme Rebechi Zuiani; Marcelo Italo Risso Neto,"Zuiani GR, Risso Neto MI",1293,1302,"Zuiani GR, Risso Neto MI. Segurança em cirurgia de coluna. In: Pudles E, Defino H, Risso M, editores. Tratado de cirurgia da coluna vertebral. 1. ed. Rio de Janeiro: Dilivros Editora; 2026. p. 1293-1302."
10,108,Manejo do Paciente Frágil com Sarcopenia em Cirurgia de Coluna,Clineu de Mello Almada Filho; René Kusabara,"Almada Filho CM, Kusabara R",1303,1310,"Almada Filho CM, Kusabara R. Manejo do paciente frágil com sarcopenia em cirurgia de coluna. In: Pudles E, Defino H, Risso M, editores. Tratado de cirurgia da coluna vertebral. 1. ed. Rio de Janeiro: Dilivros Editora; 2026. p. 1303-1310."
10,109,Avaliação dos Resultados em Cirurgia de Coluna,Pedro Aleixo Nogueira; Sérgio Augusto Barbosa de Farias; Andrei Fernandes Joaquim,"Nogueira PA, Farias SAB, Joaquim AF",1311,1316,"Nogueira PA, Farias SAB, Joaquim AF. Avaliação dos resultados em cirurgia de coluna. In: Pudles E, Defino H, Risso M, editores. Tratado de cirurgia da coluna vertebral. 1. ed. Rio de Janeiro: Dilivros Editora; 2026. p. 1311-1316."